rmat_tag,pdt_smiles
964977,[13C].[15C][14C][16C][18O][17O][15N].[17C]
964978,[13C].[15C][14C][16C][18O][15N][17O].[17C]
964980,[13C].[15C][14C][16C][18O][15N]=[17O].[17C]
964990,[13C].[15C][14C][16C][18O][17C][17O][15N]
964992,[13C].[15C][14C][16C][18O][15N].[17C]=[17O]
964996,[13C].[15C][14C][16C][18O][15N][17C].[17O]
964998,[13C].[15C][14C][16C][18O][17O][15N][17C]
964999,[13C].[15C][14C][16C][18O][15N]([17C])[17O]
965003,[13C].[15C][14C][16C][18O][17C][15N]=[17O]
965008,[13C].[15C][14C][16C][18O][15N]1[17C][17O]1
965009,[13C].[15C][14C][16C][18O][17C]([15N])[17O]
965012,[13C].[15C][14C][16C][18O][15N][17C]=[17O]
965013,[13C].[15C][14C][16C][18O][17C]([15N])=[17O]
965016,[13C].[15C][14C][16C][18O][15N]=[17C].[17O]
965018,[13C].[15C][14C][16C][18O][17O][15N]=[17C]
965020,[13C].[15C][14C][16C][18O][17C]=[15N][17O]
965022,[13C].[15C][14C][16C][18O][17O][17C]=[15N]
965023,[13C].[15C][14C][16C][18O][15N]=[17C][17O]
965028,[13C].[15C][14C][16C][18O][15N]=[17C]=[17O]
965065,[13C].[15C][14C][16C][17O][15N][18O][17C]
965082,[13C].[15C][14C][16C][17O][18O][17C][15N]
965084,[13C].[15C][14C][16C][17O][15N][17C][18O]
965088,[13C].[15C][14C][16C][17O][17C][15N].[18O]
965089,[13C].[15C][14C][16C][17O][17C][15N][18O]
965092,[13C].[15C][14C][16C][17O][17C]1[15N][18O]1
965105,[13C].[15C][14C][16C][17O][17C]=[15N].[18O]
965107,[13C].[15C][14C][16C][17O][17C](=[15N])[18O]
965112,[13C].[15C][14C][16C][17O][18O][17C]#[15N]
965113,[13C].[15C][14C][16C][17O][17C]#[15N].[18O]
965192,[13C].[15C][14C][16C][15N][18O][17O].[17C]
965196,[13C].[15C][14C][16C][15N]([17O])[18O].[17C]
965197,[13C].[15C][14C][16C][15N]1[17O][18O]1.[17C]
965203,[13C].[15C][14C][16C][15N][17O][18O][17C]
965204,[13C].[15C][14C][16C][15N]([17O])[18O][17C]
965214,[13C].[15C][14C][16C][15N][17O][17C].[18O]
965219,[13C].[15C][14C][16C][15N][17O][17C][18O]
965220,[13C].[15C][14C][16C][15N]1[17O][17C][18O]1
965224,[13C].[15C][14C][16C][15N][18O].[17C]=[17O]
965225,[13C].[15C][14C][16C][15N]=[18O].[17C]=[17O]
965226,[13C].[15C][14C][16C][15N].[17O]=[17C][18O]
965227,[13C].[15C][14C][16C][15N][18O][17C]=[17O]
965229,[13C].[15C][14C][16C][15N][17C].[17O].[18O]
965232,[13C].[15C][14C][16C][15N]([17C])[18O].[17O]
965235,[13C].[15C][14C][16C][15N]([17C])[17O][18O]
965240,[13C].[15C][14C][16C][15N]1[17C][18O][17O]1
965243,[13C].[15C][14C][16C][15N][17C][17O].[18O]
965244,[13C].[15C][14C][16C][15N][17C][17O][18O]
965245,[13C].[15C][14C][16C][15N]([18O])[17C][17O]
965247,[13C].[15C][14C][16C][15N]1[17C][17O]1.[18O]
965248,[13C].[15C][14C][16C][15N][17C]([17O])[18O]
965249,[13C].[15C][14C][16C][15N][17C]1[17O][18O]1
965251,[13C].[15C][14C][16C][15N]1[17O][17C]1[18O]
965252,[13C].[15C][14C][16C][15N][17C]([17O])=[18O]
965254,[13C].[15C][14C][16C][15N][17C]=[17O].[18O]
965255,[13C].[15C][14C][16C][15N]([18O])[17C]=[17O]
965256,[13C].[15C][14C][16C][15N][17C](=[17O])[18O]
965257,[13C].[15C][14C][16C][15N]1[18O][17C]1=[17O]
965258,[13C].[15C][14C][16C][15N]=[17C].[17O].[18O]
965262,[13C].[15C][14C][16C][15N]=[17C][18O][17O]
965264,[13C].[15C][14C][16C][15N]=[17C][17O].[18O]
965266,[13C].[15C][14C][16C][15N]=[17C]([17O])[18O]
965267,[13C].[15C][14C][16C][15N]=[17C]1[17O][18O]1
965268,[13C].[15C][14C][16C][15N]=[17C]=[17O].[18O]
965529,[13C].[15C][14C][16C][17C][18O][17O][15N]
965530,[13C].[15C][14C][16C][17C][18O][15N][17O]
965532,[13C].[15C][14C][16C][17C][18O][15N]=[17O]
965541,[13C].[15C][14C][16C][17C][17O][15N].[18O]
965546,[13C].[15C][14C][16C][17C]([17O])[18O][15N]
965548,[13C].[15C][14C][16C][17C]1[17O][15N][18O]1
965555,[13C].[15C][14C][16C][17C](=[17O])[18O][15N]
965556,[13C].[15C][14C][16C][17C][15N].[17O].[18O]
965561,[13C].[15C][14C][16C][17C][15N]=[18O].[17O]
965562,[13C].[15C][14C][16C][17C][15N][17O].[18O]
965563,[13C].[15C][14C][16C][17C][15N][17O][18O]
965564,[13C].[15C][14C][16C][17C][15N]([17O])[18O]
965565,[13C].[15C][14C][16C][17C][15N]1[17O][18O]1
965568,[13C].[15C][14C][16C][17C]([15N])[18O][17O]
965570,[13C].[15C][14C][16C][17C]([18O])[15N][17O]
965572,[13C].[15C][14C][16C][17C]1[18O][15N]1[17O]
965573,[13C].[15C][14C][16C][17C]([18O])[15N]=[17O]
965577,[13C].[15C][14C][16C][17C]([15N])[17O].[18O]
965580,[13C].[15C][14C][16C][17C]1[15N][18O][17O]1
965582,[13C].[15C][14C][16C][17C]1[15N][17O]1.[18O]
965584,[13C].[15C][14C][16C][17C]([15N])([17O])[18O]
965585,[13C].[15C][14C][16C][17C]1([15N])[17O][18O]1
965586,[13C].[15C][14C][16C][17C]1([17O])[15N][18O]1
965588,[13C].[15C][14C][16C][17C]12[17O][15N]1[18O]2
965589,[13C].[15C][14C][16C][17C]([15N])=[17O].[18O]
965590,[13C].[15C][14C][16C][17C](=[17O])[15N][18O]
965591,[13C].[15C][14C][16C][17C](=[17O])[15N]=[18O]
965592,[13C].[15C][14C][16C][17C]=[15N].[17O].[18O]
965597,[13C].[15C][14C][16C][17C]=[15N][17O].[18O]
965598,[13C].[15C][14C][16C][17C]=[15N][17O][18O]
965600,[13C].[15C][14C][16C][17C](=[15N])[18O][17O]
965604,[13C].[15C][14C][16C][17C](=[15N])[17O].[18O]
965606,[13C].[15C][14C][16C][17C]([17O])=[15N][18O]
965607,[13C].[15C][14C][16C][17C]1=[15N][18O][17O]1
965609,[13C].[15C][14C][16C][17C]#[15N].[17O].[18O]
966229,[13C].[16C][14C][15C][18O][15N]=[17O].[17C]
966239,[13C].[16C][14C][15C][18O][17C][17O][15N]
966241,[13C].[16C][14C][15C][18O][15N].[17C]=[17O]
966250,[13C].[16C][14C][15C][18O][17C][15N].[17O]
966258,[13C].[16C][14C][15C][18O][17C]([15N])[17O]
966259,[13C].[16C][14C][15C][18O][17C]1[15N][17O]1
966261,[13C].[16C][14C][15C][18O][15N][17C]=[17O]
966262,[13C].[16C][14C][15C][18O][17C]([15N])=[17O]
966274,[13C].[16C][14C][15C][18O][17C](=[15N])[17O]
966277,[13C].[16C][14C][15C][18O][15N]=[17C]=[17O]
966321,[13C].[15N][17C]1[17O][16C][14C][15C][18O]1
966368,[13C].[17C][18O][15C][14C][16C][15N].[17O]
966376,[13C].[15N][16C][14C][15C][18O][17C][17O]
966377,[13C].[14C]1[15C][18O][17C][17O][15N][16C]1
966378,[13C].[15N][16C][14C][15C][18O].[17C]=[17O]
966379,[13C].[14C]1[15C][18O][15N][16C]1.[17C]=[17O]
966380,[13C].[15N][16C][14C][15C][18O][17C]=[17O]
966386,[13C].[14C]1[15C][18O][17C][15N][16C]1.[17O]
966388,[13C].[17O][17C][15N][16C][14C][15C][18O]
966393,[13C].[14C]1[15C][18O][17C]2[17O][15N]2[16C]1
966394,[13C].[17O]=[17C][15N][16C][14C][15C][18O]
966395,[13C].[17O]=[17C][15N]1[16C][14C][15C][18O]1
966396,[13C].[17O]=[17C]1[15N][16C][14C][15C][18O]1
966398,[13C].[17C]=[15N][16C][14C][15C][18O][17O]
966402,[13C].[17O][17C]1=[15N][16C][14C][15C][18O]1
966403,[13C].[17O]=[17C]=[15N][16C][14C][15C][18O]
966516,[13C].[17C][16C][14C][15C][18O][17O][15N]
966517,[13C].[17C][16C][14C][15C][18O][15N][17O]
966525,[13C].[15N][18O][15C][14C][16C][17C][17O]
966526,[13C].[15N][17O][17C][16C][14C][15C][18O]
966531,[13C].[15N][18O][15C][14C][16C][17C]=[17O]
966534,[13C].[15N][17C][16C][14C][15C][18O][17O]
966535,[13C].[14C]1[15C][18O][15N][17C][16C]1.[17O]
966536,[13C].[17O][15N][17C][16C][14C][15C][18O]
966538,[13C].[17O][15N]1[17C][16C][14C][15C][18O]1
966539,[13C].[17O]=[15N][17C][16C][14C][15C][18O]
966540,[13C].[15N][17C]1[16C][14C][15C][18O]1.[17O]
966542,[13C].[17O]=[15N][17C]1[16C][14C][15C][18O]1
966543,[13C].[15N][17C]([17O])[16C][14C][15C][18O]
966547,[13C].[14C]1[15C][18O][15N]2[17O][17C]2[16C]1
966549,[13C].[14C]1[15C][18O][17C]2([16C]1)[15N][17O]2
966550,[13C].[15N][17C](=[17O])[16C][14C][15C][18O]
966551,[13C].[17O]=[17C]1[16C][14C][15C][18O][15N]1
966552,[13C].[15N]=[17C][16C][14C][15C][18O].[17O]
966553,[13C].[15N]=[17C][16C][14C][15C][18O][17O]
966554,[13C].[14C]1[15C][18O][15N]=[17C][16C]1.[17O]
966555,[13C].[17O][15N]=[17C][16C][14C][15C][18O]
966558,[13C].[17O][15N]=[17C]1[16C][14C][15C][18O]1
966560,[13C].[15N]=[17C]1[16C][14C][15C][18O][17O]1
966561,[13C].[17O][17C]1=[15N][18O][15C][14C][16C]1
966563,[13C].[15N]#[17C][16C][14C][15C][18O].[17O]
966882,[13C].[15N][17O][16C][14C][15C]=[18O].[17C]
966886,[13C].[15N][17C][17O][16C][14C][15C]=[18O]
966888,[13C].[17C]=[15N][17O][16C][14C][15C]=[18O]
966889,[13C].[15N]=[17C][17O][16C][14C][15C]=[18O]
966897,[13C].[17C].[17O][15N][16C][14C][15C]=[18O]
966900,[13C].[17C][17O][15N][16C][14C][15C]=[18O]
966901,[13C].[15N][16C][14C][15C]=[18O].[17C]=[17O]
966902,[13C].[17C][15N][16C][14C][15C]=[18O].[17O]
966904,[13C].[17O][17C][15N][16C][14C][15C]=[18O]
966905,[13C].[18O]=[15C][14C][16C][15N]1[17C][17O]1
966906,[13C].[17O]=[17C][15N][16C][14C][15C]=[18O]
966908,[13C].[17O][17C]=[15N][16C][14C][15C]=[18O]
966909,[13C].[17O]=[17C]=[15N][16C][14C][15C]=[18O]
966944,[13C].[17O][15N][17C][16C][14C][15C]=[18O]
966945,[13C].[17O]=[15N][17C][16C][14C][15C]=[18O]
966948,[13C].[15N][17C](=[17O])[16C][14C][15C]=[18O]
966949,[13C].[15N]=[17C][16C][14C][15C]=[18O].[17O]
966950,[13C].[17O][15N]=[17C][16C][14C][15C]=[18O]
966953,[13C].[15N]#[17C][16C][14C][15C]=[18O].[17O]
967040,[13C].[16C][14C][15C][17O][18O][15N].[17C]
967043,[13C].[16C][14C][15C][17O][15N][18O].[17C]
967049,[13C].[16C][14C][15C][17O][15N][18O][17C]
967061,[13C].[16C][14C][15C][17O][18O][15N][17C]
967063,[13C].[16C][14C][15C][17O][15N][17C].[18O]
967064,[13C].[16C][14C][15C][17O][15N]([17C])[18O]
967066,[13C].[16C][14C][15C][17O][18O][17C][15N]
967068,[13C].[16C][14C][15C][17O][15N][17C][18O]
967069,[13C].[16C][14C][15C][17O][15N]1[17C][18O]1
967073,[13C].[16C][14C][15C][17O][17C][15N][18O]
967074,[13C].[16C][14C][15C][17O][17C][15N]=[18O]
967081,[13C].[16C][14C][15C][17O][18O][15N]=[17C]
967082,[13C].[16C][14C][15C][17O][15N]=[17C].[18O]
967084,[13C].[16C][14C][15C][17O][18O][17C]=[15N]
967086,[13C].[16C][14C][15C][17O][15N]=[17C][18O]
967089,[13C].[16C][14C][15C][17O][17C]=[15N].[18O]
967090,[13C].[16C][14C][15C][17O][17C]=[15N][18O]
967096,[13C].[16C][14C][15C][17O][18O][17C]#[15N]
967097,[13C].[16C][14C][15C][17O][17C]#[15N].[18O]
967100,[13C].[15N][18O][16C][14C][15C][17O].[17C]
967101,[13C].[15N][17O][15C][14C][16C][18O].[17C]
967102,[13C].[14C]1[15C][17O][15N][18O][16C]1.[17C]
967104,[13C].[17C][18O][16C][14C][15C][17O][15N]
967106,[13C].[17C][17O][15C][14C][16C][18O][15N]
967110,[13C].[17C][15N][18O][16C][14C][15C][17O]
967111,[13C].[17C][15N][17O][15C][14C][16C][18O]
967112,[13C].[17C][15N]1[17O][15C][14C][16C][18O]1
967113,[13C].[15N][17C][18O][16C][14C][15C][17O]
967114,[13C].[14C]1[15C][17O][15N][17C][18O][16C]1
967115,[13C].[15N][17C][17O][15C][14C][16C][18O]
967116,[13C].[14C]1[15C][17O][17C][15N][18O][16C]1
967120,[13C].[17C]=[15N][18O][16C][14C][15C][17O]
967121,[13C].[17C]=[15N][17O][15C][14C][16C][18O]
967122,[13C].[15N]=[17C][18O][16C][14C][15C][17O]
967123,[13C].[14C]1[15C][17O][15N]=[17C][18O][16C]1
967124,[13C].[15N]=[17C][17O][15C][14C][16C][18O]
967125,[13C].[14C]1[15C][17O][17C]=[15N][18O][16C]1
967126,[13C].[15N]=[17C]1[17O][15C][14C][16C][18O]1
967129,[13C].[15N]#[17C][18O][16C][14C][15C][17O]
967130,[13C].[15N]#[17C][17O][15C][14C][16C][18O]
967177,[13C].[15N][16C][14C][15C][17O][18O].[17C]
967178,[13C].[17C].[17O][15C][14C][16C][15N][18O]
967179,[13C].[14C]1[15C][17O][18O][15N][16C]1.[17C]
967180,[13C].[17C].[17O][15C][14C][16C][15N]=[18O]
967182,[13C].[17C].[18O][15N]1[16C][14C][15C][17O]1
967184,[13C].[17C][18O][17O][15C][14C][16C][15N]
967185,[13C].[17C][18O][15N][16C][14C][15C][17O]
967187,[13C].[17C][18O][15N]1[16C][14C][15C][17O]1
967191,[13C].[17C][17O][15C][14C][16C][15N][18O]
967192,[13C].[17C][17O][15C][14C][16C][15N]=[18O]
967196,[13C].[17C][15N][16C][14C][15C][17O].[18O]
967197,[13C].[17C][15N][16C][14C][15C][17O][18O]
967198,[13C].[17C][15N]([18O])[16C][14C][15C][17O]
967199,[13C].[17C][15N]1[16C][14C][15C][17O][18O]1
967200,[13C].[17C][15N]1[16C][14C][15C][17O]1.[18O]
967202,[13C].[14C]1[15C][17O][18O][17C][15N][16C]1
967203,[13C].[17O][15C][14C][16C][15N]1[17C][18O]1
967204,[13C].[18O][17C][15N]1[16C][14C][15C][17O]1
967208,[13C].[18O][15N]1[16C][14C][15C][17O][17C]1
967209,[13C].[18O][17C]1[15N][16C][14C][15C][17O]1
967212,[13C].[17C]=[15N][16C][14C][15C][17O].[18O]
967214,[13C].[17O][15C][14C][16C][15N]=[17C][18O]
967215,[13C].[14C]1[15C][17O][18O][17C]=[15N][16C]1
967217,[13C].[14C]1[15C][17O][17C]=[15N][16C]1.[18O]
967332,[13C].[17C][16C][14C][15C][17O][15N].[18O]
967334,[13C].[17C][16C][14C][15C][17O][15N]=[18O]
967339,[13C].[14C]1[15C][17O][15N][18O][17C][16C]1
967346,[13C].[15N][18O][17C]1[16C][14C][15C][17O]1
967348,[13C].[15N][17C][16C][14C][15C][17O].[18O]
967351,[13C].[14C]1[15C][17O][18O][15N][17C][16C]1
967356,[13C].[15N][17C]1[16C][14C][15C][17O][18O]1
967357,[13C].[17O][15C][14C][16C][17C]1[15N][18O]1
967358,[13C].[18O][17C]1[16C][14C][15C][17O][15N]1
967363,[13C].[18O][15N][17C]1[16C][14C][15C][17O]1
967365,[13C].[15N][17C]1([18O])[16C][14C][15C][17O]1
967370,[13C].[14C]1[15C][17O][18O][15N]=[17C][16C]1
967372,[13C].[15N]=[17C]([18O])[16C][14C][15C][17O]
967376,[13C].[15N]=[17C]1[16C][14C][15C][17O]1.[18O]
967379,[13C].[15N]#[17C][16C][14C][15C][17O][18O]
967680,[13C].[16C][14C][15C]([18O])[17O][15N].[17C]
967681,[13C].[16C][14C][15C]1[17O][15N][18O]1.[17C]
967683,[13C].[16C][14C][15C]([17O][15N])[18O][17C]
967685,[13C].[16C][14C][15C]([17O][17C])[18O][15N]
967689,[13C].[16C][14C][15C]([17O])[18O][15N][17C]
967691,[13C].[16C][14C][15C]1[17O][15N]([17C])[18O]1
967692,[13C].[16C][14C][15C]([17O])[18O][17C][15N]
967693,[13C].[16C][14C][15C]1[17O][15N][17C][18O]1
967695,[13C].[16C][14C][15C]1[17O][17C][15N][18O]1
967696,[13C].[16C][14C][15C]1[17O][17C]([15N])[18O]1
967699,[13C].[16C][14C][15C]([17O])[18O][15N]=[17C]
967702,[13C].[16C][14C][15C]1[17O][15N]=[17C][18O]1
967703,[13C].[16C][14C][15C]([18O])[17O][17C]=[15N]
967704,[13C].[16C][14C][15C]1[17O][17C]=[15N][18O]1
967705,[13C].[16C][14C][15C]1[17O][17C](=[15N])[18O]1
967708,[13C].[16C][14C][15C]([17O])[18O][17C]#[15N]
967711,[13C].[15N][17O][15C]1[14C][16C][18O]1.[17C]
967715,[13C].[15N][17C][17O][15C]1[14C][16C][18O]1
967717,[13C].[17C]=[15N][17O][15C]1[14C][16C][18O]1
967718,[13C].[15N]=[17C][17O][15C]1[14C][16C][18O]1
967725,[13C].[17C][15N][18O][15C]1[14C][16C][17O]1
967731,[13C].[15N]#[17C][18O][15C]1[14C][16C][17O]1
967736,[13C].[15N][16C][14C][15C]([17O])[18O].[17C]
967737,[13C].[15N][16C][14C][15C]1[17O][18O]1.[17C]
967738,[13C].[17C].[17O][15C]1[14C][16C][15N][18O]1
967740,[13C].[14C]1[16C][15N]2[17O][15C]1[18O]2.[17C]
967743,[13C].[17C][17O][15C]([18O])[14C][16C][15N]
967744,[13C].[17C][17O][15C]1[14C][16C][15N][18O]1
967745,[13C].[15N][16C][14C][15C]1[17O][17C][18O]1
967746,[13C].[17C][15N][16C][14C][15C]([17O])[18O]
967747,[13C].[17C][15N][16C][14C][15C]1[17O][18O]1
967748,[13C].[17C][15N]1[16C][14C][15C]([17O])[18O]1
967751,[13C].[14C]1[16C][15N]2[17C][18O][15C]1[17O]2
967752,[13C].[18O][15C]1[14C][16C][15N][17C][17O]1
967753,[13C].[14C]1[16C][15N]2[17C][17O][15C]1[18O]2
967754,[13C].[14C]1[16C][15N][17C]2[17O][15C]1[18O]2
967755,[13C].[17C]=[15N][16C][14C][15C]([17O])[18O]
967756,[13C].[17C]=[15N][16C][14C][15C]1[17O][18O]1
967758,[13C].[18O][15C]1[14C][16C][15N]=[17C][17O]1
967759,[13C].[14C]1[16C][15N]=[17C]2[17O][15C]1[18O]2
967811,[13C].[17C][16C][14C][15C]([18O])[17O][15N]
967812,[13C].[17C][16C][14C][15C]1[17O][15N][18O]1
967814,[13C].[15N][17O][15C]1[14C][16C][17C][18O]1
967818,[13C].[15N][17C][16C][14C][15C]([17O])[18O]
967819,[13C].[15N][17C][16C][14C][15C]1[17O][18O]1
967821,[13C].[18O][15C]1[14C][16C][17C][15N][17O]1
967822,[13C].[14C]1[16C][17C][15N]2[17O][15C]1[18O]2
967824,[13C].[14C]1[16C][17C]2[15N][17O][15C]1[18O]2
967825,[13C].[15N][17C]1[16C][14C][15C]([18O])[17O]1
967826,[13C].[14C]1[16C][17C]2[15N][18O][15C]1[17O]2
967827,[13C].[15N][17C]12[16C][14C][15C]([17O]1)[18O]2
967828,[13C].[15N]=[17C][16C][14C][15C]([17O])[18O]
967829,[13C].[15N]=[17C][16C][14C][15C]1[17O][18O]1
967831,[13C].[18O][15C]1[14C][16C][17C]=[15N][17O]1
967832,[13C].[15N]=[17C]1[16C][14C][15C]([17O])[18O]1
967836,[13C].[15N]#[17C][16C][14C][15C]([17O])[18O]
967837,[13C].[15N]#[17C][16C][14C][15C]1[17O][18O]1
968099,[13C].[17C][15N][18O][16C][14C][15C]=[17O]
968105,[13C].[15N]#[17C][18O][16C][14C][15C]=[17O]
968112,[13C].[17C].[17O]=[15C][14C][16C][15N]=[18O]
968117,[13C].[17C][15N]([18O])[16C][14C][15C]=[17O]
968121,[13C].[17C]=[15N][16C][14C][15C]=[17O].[18O]
968155,[13C].[15N][18O][17C][16C][14C][15C]=[17O]
968157,[13C].[15N][17C][16C][14C][15C]=[17O].[18O]
968160,[13C].[15N][17C]([18O])[16C][14C][15C]=[17O]
968161,[13C].[17O]=[15C][14C][16C][17C]1[15N][18O]1
968165,[13C].[15N]=[17C]([18O])[16C][14C][15C]=[17O]
968346,[13C].[16C][14C][15C][15N][17O][18O].[17C]
968347,[13C].[16C][14C][15C][15N]([17O])[18O].[17C]
968348,[13C].[16C][14C][15C][15N]1[17O][18O]1.[17C]
968352,[13C].[16C][14C][15C][15N][18O][17C].[17O]
968363,[13C].[16C][14C][15C][15N][18O][17O][17C]
968366,[13C].[16C][14C][15C][15N]([18O])[17O][17C]
968369,[13C].[16C][14C][15C][15N][18O][17C][17O]
968371,[13C].[16C][14C][15C][15N]1[17O][17C][18O]1
968375,[13C].[16C][14C][15C][15N][18O].[17C]=[17O]
968376,[13C].[16C][14C][15C][15N]=[18O].[17C]=[17O]
968377,[13C].[16C][14C][15C][15N].[17O]=[17C][18O]
968378,[13C].[16C][14C][15C][15N][18O][17C]=[17O]
968380,[13C].[16C][14C][15C][15N][17C].[17O].[18O]
968384,[13C].[16C][14C][15C][15N]([17C])[18O][17O]
968385,[13C].[16C][14C][15C][15N]([17C])[17O].[18O]
968387,[13C].[16C][14C][15C][15N][17C][18O].[17O]
968388,[13C].[16C][14C][15C][15N][17C][18O][17O]
968389,[13C].[16C][14C][15C][15N]1[17C][18O]1.[17O]
968390,[13C].[16C][14C][15C][15N]([17O])[17C][18O]
968391,[13C].[16C][14C][15C][15N]1[17C][18O][17O]1
968399,[13C].[16C][14C][15C][15N][17C]([17O])[18O]
968400,[13C].[16C][14C][15C][15N][17C]1[17O][18O]1
968401,[13C].[16C][14C][15C][15N]1[18O][17C]1[17O]
968403,[13C].[16C][14C][15C][15N][17C]([17O])=[18O]
968405,[13C].[16C][14C][15C][15N][17C]=[17O].[18O]
968406,[13C].[16C][14C][15C][15N]([18O])[17C]=[17O]
968407,[13C].[16C][14C][15C][15N][17C](=[17O])[18O]
968408,[13C].[16C][14C][15C][15N]1[18O][17C]1=[17O]
968409,[13C].[16C][14C][15C][15N]=[17C].[17O].[18O]
968413,[13C].[16C][14C][15C][15N]=[17C][18O][17O]
968415,[13C].[16C][14C][15C][15N]=[17C][17O].[18O]
968417,[13C].[16C][14C][15C][15N]=[17C]([17O])[18O]
968418,[13C].[16C][14C][15C][15N]=[17C]1[17O][18O]1
968419,[13C].[16C][14C][15C][15N]=[17C]=[17O].[18O]
968424,[13C].[14C]1[15C][15N][17O][18O][16C]1.[17C]
968425,[13C].[17C].[17O][15N]1[15C][14C][16C][18O]1
968426,[13C].[17C].[17O]=[15N][15C][14C][16C][18O]
968427,[13C].[17C][18O][16C][14C][15C][15N].[17O]
968428,[13C].[17C][18O][16C][14C][15C][15N][17O]
968431,[13C].[17C][17O][18O][16C][14C][15C][15N]
968433,[13C].[17C][17O][15N][15C][14C][16C][18O]
968436,[13C].[14C]1[15C][15N][17O][17C][18O][16C]1
968437,[13C].[15N][15C][14C][16C][18O].[17C]=[17O]
968438,[13C].[14C]1[15C][15N][18O][16C]1.[17C]=[17O]
968439,[13C].[15N][15C][14C][16C][18O][17C]=[17O]
968440,[13C].[17C][15N][15C][14C][16C][18O].[17O]
968441,[13C].[17C][15N][15C][14C][16C][18O][17O]
968446,[13C].[17O][15N]1[15C][14C][16C][18O][17C]1
968448,[13C].[14C]1[15C][15N][17C][17O][18O][16C]1
968449,[13C].[17O][17C][15N]1[15C][14C][16C][18O]1
968450,[13C].[18O][16C][14C][15C][15N]1[17C][17O]1
968453,[13C].[17O]=[17C][15N][15C][14C][16C][18O]
968454,[13C].[17O]=[17C][15N]1[15C][14C][16C][18O]1
968455,[13C].[17O]=[17C]1[15N][15C][14C][16C][18O]1
968458,[13C].[14C]1[15C][15N]=[17C][18O][16C]1.[17O]
968459,[13C].[17O][17C]=[15N][15C][14C][16C][18O]
968462,[13C].[17O]=[17C]=[15N][15C][14C][16C][18O]
968478,[13C].[15N][15C][14C][16C][17O][18O].[17C]
968479,[13C].[17C].[17O][16C][14C][15C][15N][18O]
968488,[13C].[17C][18O][15N]1[15C][14C][16C][17O]1
968493,[13C].[17C][17O][16C][14C][15C][15N]=[18O]
968494,[13C].[15N][15C][14C][16C][17O][17C][18O]
968499,[13C].[17C][15N]([18O])[15C][14C][16C][17O]
968500,[13C].[17C][15N]1[15C][14C][16C][17O][18O]1
968501,[13C].[17C][15N]1[15C][14C][16C][17O]1.[18O]
968502,[13C].[17O][16C][14C][15C][15N][17C][18O]
968508,[13C].[14C]1[15C][15N][17C][17O][16C]1.[18O]
968510,[13C].[18O][17C]1[15N][15C][14C][16C][17O]1
968511,[13C].[14C]1[15C][15N]2[18O][17C]2[17O][16C]1
968513,[13C].[17C]=[15N][15C][14C][16C][17O].[18O]
968514,[13C].[17C]=[15N][15C][14C][16C][17O][18O]
968516,[13C].[14C]1[15C][15N]=[17C][18O][17O][16C]1
968519,[13C].[18O][17C]1=[15N][15C][14C][16C][17O]1
968578,[13C].[17C].[17O][18O][15N]1[15C][14C][16C]1
968585,[13C].[17C][18O][17O][15N]1[15C][14C][16C]1
968592,[13C].[17C][17O][15N]1[15C][14C][16C]1.[18O]
968595,[13C].[17O][17C][18O][15N]1[15C][14C][16C]1
968600,[13C].[17C]=[17O].[18O][15N]1[15C][14C][16C]1
968601,[13C].[14C]1[15C][15N][16C]1.[17O]=[17C][18O]
968602,[13C].[17O]=[17C][18O][15N]1[15C][14C][16C]1
968604,[13C].[17C][15N]1[15C][14C][16C]1.[17O].[18O]
968607,[13C].[17O].[18O][17C][15N]1[15C][14C][16C]1
968608,[13C].[17O][18O][17C][15N]1[15C][14C][16C]1
968612,[13C].[17O][17C]([18O])[15N]1[15C][14C][16C]1
968613,[13C].[14C]1[15C][15N]([17C]2[17O][18O]2)[16C]1
968614,[13C].[17O][17C](=[18O])[15N]1[15C][14C][16C]1
968615,[13C].[17O]=[17C][15N]1[15C][14C][16C]1.[18O]
968616,[13C].[17O]=[17C]([18O])[15N]1[15C][14C][16C]1
968725,[13C].[17C][16C][14C][15C][15N].[17O].[18O]
968728,[13C].[17C][16C][14C][15C][15N][18O].[17O]
968732,[13C].[17C][16C][14C][15C][15N][17O][18O]
968733,[13C].[17C][16C][14C][15C][15N]([17O])[18O]
968734,[13C].[17C][16C][14C][15C][15N]1[17O][18O]1
968735,[13C].[17C][16C][14C][15C][15N]=[17O].[18O]
968737,[13C].[15N][15C][14C][16C][17C][18O][17O]
968738,[13C].[14C]1[15C][15N][18O][17C][16C]1.[17O]
968739,[13C].[17O][15N][15C][14C][16C][17C][18O]
968746,[13C].[15N][15C][14C][16C][17C][17O].[18O]
968749,[13C].[14C]1[15C][15N][18O][17O][17C][16C]1
968750,[13C].[17O][17C][16C][14C][15C][15N]=[18O]
968752,[13C].[18O][15N]1[15C][14C][16C][17C][17O]1
968753,[13C].[15N][15C][14C][16C][17C]([17O])[18O]
968754,[13C].[15N][15C][14C][16C][17C]1[17O][18O]1
968756,[13C].[18O][17C]1[16C][14C][15C][15N][17O]1
968757,[13C].[14C]1[15C][15N]2[17O][17C]([16C]1)[18O]2
968758,[13C].[15N][15C][14C][16C][17C]([17O])=[18O]
968760,[13C].[15N][15C][14C][16C][17C]=[17O].[18O]
968761,[13C].[17O]=[17C][16C][14C][15C][15N][18O]
968762,[13C].[17O]=[17C][16C][14C][15C][15N]=[18O]
968763,[13C].[15N][15C][14C][16C][17C](=[17O])[18O]
968764,[13C].[17O]=[17C]1[16C][14C][15C][15N][18O]1
968765,[13C].[14C]1[15C][15N][17C][16C]1.[17O].[18O]
968769,[13C].[17O][18O][15N]1[15C][14C][16C][17C]1
968770,[13C].[17O][15N]1[15C][14C][16C][17C]1.[18O]
968772,[13C].[17O].[18O][17C]1[16C][14C][15C][15N]1
968774,[13C].[14C]1[15C][15N]2[18O][17C]2[16C]1.[17O]
968775,[13C].[17O][15N]1[15C][14C][16C][17C]1[18O]
968776,[13C].[14C]1[15C][15N]2[17O][18O][17C]2[16C]1
968780,[13C].[18O][17O][17C]1[16C][14C][15C][15N]1
968784,[13C].[17O][17C]1([18O])[16C][14C][15C][15N]1
968785,[13C].[14C]1[15C][15N][17C]2([16C]1)[17O][18O]2
968786,[13C].[17O][17C]12[16C][14C][15C][15N]1[18O]2
968788,[13C].[17O]=[17C]1[16C][14C][15C][15N]1.[18O]
968789,[13C].[17O]=[17C]1[16C][14C][15C][15N]1[18O]
968790,[13C].[14C]1[15C][15N]=[17C][16C]1.[17O].[18O]
968793,[13C].[17O].[18O][17C]1=[15N][15C][14C][16C]1
968796,[13C].[18O][17O][17C]1=[15N][15C][14C][16C]1
969210,[13C].[16C][14C][15C]([15N])[18O][17O].[17C]
969212,[13C].[16C][14C][15C]([18O])[15N][17O].[17C]
969216,[13C].[16C][14C][15C]([15N])[18O][17C].[17O]
969217,[13C].[16C][14C][15C]([15N][17O])[18O][17C]
969218,[13C].[16C][14C][15C]([15N]=[17O])[18O][17C]
969220,[13C].[16C][14C][15C]([15N])[18O][17O][17C]
969222,[13C].[16C][14C][15C]([18O])[15N][17O][17C]
969223,[13C].[16C][14C][15C]1[18O][15N]1[17O][17C]
969224,[13C].[16C][14C][15C]([15N])[18O][17C][17O]
969225,[13C].[16C][14C][15C]1[15N][17O][17C][18O]1
969226,[13C].[16C][14C][15C]([15N])[18O].[17C]=[17O]
969227,[13C].[16C][14C][15C]1[15N][18O]1.[17C]=[17O]
969228,[13C].[16C][14C][15C]([15N])[18O][17C]=[17O]
969229,[13C].[16C][14C][15C]([18O])[15N][17C].[17O]
969233,[13C].[16C][14C][15C]1[18O][17O][15N]1[17C]
969234,[13C].[16C][14C][15C]1[15N][17C][18O]1.[17O]
969235,[13C].[16C][14C][15C]1[18O][17C][15N]1[17O]
969236,[13C].[16C][14C][15C]([18O])[15N][17C][17O]
969237,[13C].[16C][14C][15C]1[15N][17C][17O][18O]1
969238,[13C].[16C][14C][15C]1[18O][15N]1[17C][17O]
969239,[13C].[16C][14C][15C]([18O])[15N]1[17C][17O]1
969240,[13C].[16C][14C][15C]1[15N][17C]([17O])[18O]1
969241,[13C].[16C][14C][15C]1[18O][17C]2[17O][15N]12
969242,[13C].[16C][14C][15C]([18O])[15N][17C]=[17O]
969243,[13C].[16C][14C][15C]1[18O][15N]1[17C]=[17O]
969244,[13C].[16C][14C][15C]1[15N][17C](=[17O])[18O]1
969245,[13C].[16C][14C][15C]([18O])[15N]=[17C].[17O]
969246,[13C].[16C][14C][15C]([15N]=[17C])[18O][17O]
969247,[13C].[16C][14C][15C]1[15N]=[17C][18O]1.[17O]
969248,[13C].[16C][14C][15C]([18O])[15N]=[17C][17O]
969249,[13C].[16C][14C][15C]1[15N]=[17C][17O][18O]1
969250,[13C].[16C][14C][15C]1[15N]=[17C]([17O])[18O]1
969251,[13C].[16C][14C][15C]([18O])[15N]=[17C]=[17O]
969253,[13C].[17C].[17O][15N][15C]1[14C][16C][18O]1
969254,[13C].[17C].[17O]=[15N][15C]1[14C][16C][18O]1
969256,[13C].[17C][17O][15N][15C]1[14C][16C][18O]1
969257,[13C].[15N][15C]1[14C][16C][18O]1.[17C]=[17O]
969258,[13C].[17C][15N][15C]1[14C][16C][18O]1.[17O]
969259,[13C].[17C][15N]([17O])[15C]1[14C][16C][18O]1
969260,[13C].[17O][17C][15N][15C]1[14C][16C][18O]1
969262,[13C].[17O]=[17C][15N][15C]1[14C][16C][18O]1
969263,[13C].[17C]=[15N][15C]1[14C][16C][18O]1.[17O]
969265,[13C].[17O]=[17C]=[15N][15C]1[14C][16C][18O]1
969266,[13C].[15N][15C]([18O])[14C][16C][17O].[17C]
969267,[13C].[15N][15C]1[14C][16C][17O][18O]1.[17C]
969268,[13C].[17C].[17O][16C][14C][15C]1[15N][18O]1
969269,[13C].[17C].[18O][15C]1[14C][16C][17O][15N]1
969270,[13C].[14C]1[16C][17O][15N]2[18O][15C]12.[17C]
969271,[13C].[17C][18O][15C]([15N])[14C][16C][17O]
969272,[13C].[17C][18O][15C]1[14C][16C][17O][15N]1
969273,[13C].[17C][17O][16C][14C][15C]([15N])[18O]
969274,[13C].[17C][17O][16C][14C][15C]1[15N][18O]1
969275,[13C].[15N][15C]1[14C][16C][17O][17C][18O]1
969276,[13C].[17C][15N][15C]([18O])[14C][16C][17O]
969277,[13C].[17C][15N][15C]1[14C][16C][17O][18O]1
969278,[13C].[17C][15N]1[18O][15C]1[14C][16C][17O]
969279,[13C].[17C][15N]1[17O][16C][14C][15C]1[18O]
969280,[13C].[17O][16C][14C][15C]1[15N][17C][18O]1
969281,[13C].[14C]1[16C][17O][15N]2[17C][18O][15C]12
969282,[13C].[18O][15C]1[14C][16C][17O][17C][15N]1
969283,[13C].[14C]1[16C][17O][17C][15N]2[18O][15C]12
969284,[13C].[14C]1[16C][17O][17C]2[15N][15C]1[18O]2
969285,[13C].[17C]=[15N][15C]([18O])[14C][16C][17O]
969287,[13C].[17O][16C][14C][15C]1[15N]=[17C][18O]1
969288,[13C].[18O][15C]1[14C][16C][17O][17C]=[15N]1
969289,[13C].[14C]1[16C][17O][17C]2=[15N][15C]1[18O]2
969313,[13C].[14C]1[16C][15N]2[17O][18O][15C]12.[17C]
969314,[13C].[17C][18O][15C]1[14C][16C][15N]1.[17O]
969315,[13C].[17C][18O][15C]1[14C][16C][15N]1[17O]
969317,[13C].[17C][17O][18O][15C]1[14C][16C][15N]1
969319,[13C].[17C][17O][15N]1[16C][14C][15C]1[18O]
969320,[13C].[17O][17C][18O][15C]1[14C][16C][15N]1
969321,[13C].[14C]1[16C][15N]2[17O][17C][18O][15C]12
969322,[13C].[17C]=[17O].[18O][15C]1[14C][16C][15N]1
969323,[13C].[14C]1[16C][15N]2[18O][15C]12.[17C]=[17O]
969324,[13C].[17O]=[17C][18O][15C]1[14C][16C][15N]1
969326,[13C].[17C][15N]1[16C][14C][15C]1[18O][17O]
969327,[13C].[14C]1[16C][15N]2[17C][18O][15C]12.[17O]
969328,[13C].[17O][17C][15N]1[16C][14C][15C]1[18O]
969330,[13C].[17O][17C]1[18O][15C]2[14C][16C][15N]21
969331,[13C].[17O]=[17C][15N]1[16C][14C][15C]1[18O]
969332,[13C].[17O]=[17C]1[18O][15C]2[14C][16C][15N]21
969381,[13C].[17C][16C][14C][15C]([15N])[18O].[17O]
969382,[13C].[17C][16C][14C][15C]([15N])[18O][17O]
969383,[13C].[17C][16C][14C][15C]1[15N][18O]1.[17O]
969384,[13C].[17C][16C][14C][15C]([18O])[15N][17O]
969385,[13C].[17C][16C][14C][15C]1[15N][17O][18O]1
969386,[13C].[17C][16C][14C][15C]1[18O][15N]1[17O]
969387,[13C].[17C][16C][14C][15C]([18O])[15N]=[17O]
969388,[13C].[15N][15C]1[14C][16C][17C][18O]1.[17O]
969390,[13C].[17O]=[15N][15C]1[14C][16C][17C][18O]1
969391,[13C].[15N][15C]([18O])[14C][16C][17C][17O]
969395,[13C].[14C]1[16C][17C][17O][15N]2[18O][15C]12
969397,[13C].[14C]1[16C][17C]2[17O][15N][15C]1[18O]2
969398,[13C].[15N][15C]([18O])[14C][16C][17C]=[17O]
969399,[13C].[17O]=[17C][16C][14C][15C]1[15N][18O]1
969400,[13C].[15N][15C]1[14C][16C][17C](=[17O])[18O]1
969401,[13C].[17O].[18O][15C]1[14C][16C][17C][15N]1
969402,[13C].[17O][18O][15C]1[14C][16C][17C][15N]1
969404,[13C].[17O][15N]1[17C][16C][14C][15C]1[18O]
969407,[13C].[17O][15N]1[15C]2[14C][16C][17C]1[18O]2
969409,[13C].[14C]1[16C][17C]2[15N][15C]1[18O][17O]2
969410,[13C].[17O][17C]1[16C][14C][15C]2[18O][15N]21
969411,[13C].[18O][15C]1[14C][16C][17C]2[17O][15N]12
969412,[13C].[17O][17C]12[16C][14C][15C]([15N]1)[18O]2
969414,[13C].[17O]=[17C]1[16C][14C][15C]([18O])[15N]1
969415,[13C].[17O]=[17C]1[16C][14C][15C]2[18O][15N]21
969416,[13C].[17O].[18O][15C]1[14C][16C][17C]=[15N]1
969419,[13C].[17O][17C]1=[15N][15C]([18O])[14C][16C]1
969749,[13C].[16C][14C][15C]1[15N][18O][17O]1.[17C]
969750,[13C].[16C][14C][15C]([17O])[15N]=[18O].[17C]
969752,[13C].[16C][14C][15C]1[17O][15N]1[18O].[17C]
969767,[13C].[16C][14C][15C]([15N][17C])[17O][18O]
969768,[13C].[16C][14C][15C]([17O])[15N]([17C])[18O]
969770,[13C].[16C][14C][15C]1[17O][15N]1[17C].[18O]
969807,[13C].[14C]1[16C][18O][17C]2[15N][15C]1[17O]2
969809,[13C].[17C]=[15N][15C]1[14C][16C][18O][17O]1
969812,[13C].[14C]1[16C][18O][17C]2=[15N][15C]1[17O]2
969830,[13C].[14C]1[16C][17O][15C]1[15N]1[17C][18O]1
969833,[13C].[18O][17C]=[15N][15C]1[14C][16C][17O]1
969847,[13C].[17C].[18O][17O][15C]1[14C][16C][15N]1
969848,[13C].[17C].[17O][15C]1[14C][16C][15N]1[18O]
969862,[13C].[17C][15N]1[16C][14C][15C]1[17O].[18O]
969865,[13C].[14C]1[16C][15N]2[17C][18O][17O][15C]12
969926,[13C].[15N][15C]1[14C][16C][17C][18O][17O]1
969927,[13C].[17O][15C]1[14C][16C][17C][18O][15N]1
969928,[13C].[18O][17C][16C][14C][15C]1[15N][17O]1
969933,[13C].[18O][15N][15C]1[14C][16C][17C][17O]1
969935,[13C].[15N][15C]1[14C][16C][17C]([18O])[17O]1
969941,[13C].[14C]1[16C][17C][15N]2[18O][17O][15C]12
969942,[13C].[14C]1[16C][17C][15N]2[17O][15C]12.[18O]
969943,[13C].[17O][15C]1[14C][16C][17C]([18O])[15N]1
969949,[13C].[14C]1[16C][17C]2[15N][15C]1[17O]2.[18O]
969952,[13C].[14C]1[16C][17C]23[17O][15C]1[15N]2[18O]3
969954,[13C].[18O][17O][15C]1[14C][16C][17C]=[15N]1
970496,[13C].[16C][14C][15C]=[15N][18O][17O].[17C]
970503,[13C].[16C][14C][15C]=[15N][17O][18O][17C]
970510,[13C].[16C][14C][15C]=[15N][17O][17C].[18O]
970514,[13C].[16C][14C][15C]=[15N][17O][17C][18O]
970518,[13C].[16C][14C][15C]=[15N][18O].[17C]=[17O]
970519,[13C].[16C][14C][15C]=[15N].[17O]=[17C][18O]
970520,[13C].[16C][14C][15C]=[15N][18O][17C]=[17O]
970522,[13C].[16C][14C][15C]=[15N][17C].[17O].[18O]
970526,[13C].[16C][14C][15C]=[15N][17C][18O][17O]
970528,[13C].[16C][14C][15C]=[15N][17C][17O].[18O]
970530,[13C].[16C][14C][15C]=[15N][17C]([17O])[18O]
970531,[13C].[16C][14C][15C]=[15N][17C]1[17O][18O]1
970532,[13C].[16C][14C][15C]=[15N][17C]([17O])=[18O]
970533,[13C].[16C][14C][15C]=[15N][17C]=[17O].[18O]
970534,[13C].[16C][14C][15C]=[15N][17C](=[17O])[18O]
970539,[13C].[14C]1[15C]=[15N][17O][18O][16C]1.[17C]
970540,[13C].[17C][18O][16C][14C][15C]=[15N].[17O]
970541,[13C].[17C][18O][16C][14C][15C]=[15N][17O]
970543,[13C].[17C][17O][18O][16C][14C][15C]=[15N]
970545,[13C].[17C][17O][15N]=[15C][14C][16C][18O]
970546,[13C].[15N]=[15C][14C][16C][18O][17C][17O]
970547,[13C].[14C]1[15C]=[15N][17O][17C][18O][16C]1
970548,[13C].[15N]=[15C][14C][16C][18O].[17C]=[17O]
970549,[13C].[14C]1[15C]=[15N][18O][16C]1.[17C]=[17O]
970550,[13C].[15N]=[15C][14C][16C][18O][17C]=[17O]
970552,[13C].[17C][15N]=[15C][14C][16C][18O][17O]
970553,[13C].[14C]1[15C]=[15N][17C][18O][16C]1.[17O]
970554,[13C].[17O][17C][15N]=[15C][14C][16C][18O]
970556,[13C].[17O][17C]1[15N]=[15C][14C][16C][18O]1
970557,[13C].[17O]=[17C][15N]=[15C][14C][16C][18O]
970558,[13C].[17O]=[17C]1[15N]=[15C][14C][16C][18O]1
970568,[13C].[15N]=[15C][14C][16C][17O][18O].[17C]
970569,[13C].[17C].[17O][16C][14C][15C]=[15N][18O]
970583,[13C].[17C][15N]=[15C][14C][16C][17O].[18O]
970586,[13C].[14C]1[15C]=[15N][17C][18O][17O][16C]1
970635,[13C].[14C]1[15C]=[15N][16C]1.[17O]=[17C][18O]
970664,[13C].[17C][16C][14C][15C]=[15N].[17O].[18O]
970667,[13C].[17C][16C][14C][15C]=[15N][18O].[17O]
970668,[13C].[17C][16C][14C][15C]=[15N][18O][17O]
970671,[13C].[15N]=[15C][14C][16C][17C][18O].[17O]
970673,[13C].[14C]1[15C]=[15N][18O][17C][16C]1.[17O]
970674,[13C].[17O][15N]=[15C][14C][16C][17C][18O]
970679,[13C].[15N]=[15C][14C][16C][17C][17O][18O]
970681,[13C].[14C]1[15C]=[15N][18O][17O][17C][16C]1
970683,[13C].[15N]=[15C][14C][16C][17C]([17O])[18O]
970684,[13C].[15N]=[15C][14C][16C][17C]1[17O][18O]1
970685,[13C].[17O][17C]1[16C][14C][15C]=[15N][18O]1
970687,[13C].[15N]=[15C][14C][16C][17C]([17O])=[18O]
970689,[13C].[15N]=[15C][14C][16C][17C]=[17O].[18O]
970690,[13C].[17O]=[17C][16C][14C][15C]=[15N][18O]
970691,[13C].[15N]=[15C][14C][16C][17C](=[17O])[18O]
970692,[13C].[17O]=[17C]1[16C][14C][15C]=[15N][18O]1
970693,[13C].[14C]1[15C]=[15N][17C][16C]1.[17O].[18O]
970697,[13C].[17O][18O][17C]1[16C][14C][15C]=[15N]1
970699,[13C].[17O][17C]1[16C][14C][15C]=[15N]1.[18O]
970701,[13C].[17O][17C]1([18O])[16C][14C][15C]=[15N]1
970702,[13C].[14C]1[15C]=[15N][17C]2([16C]1)[17O][18O]2
970703,[13C].[17O]=[17C]1[16C][14C][15C]=[15N]1.[18O]
971464,[13C].[16C][14C][15C][17C][18O][17O][15N]
971467,[13C].[16C][14C][15C][17C][18O][15N]=[17O]
971476,[13C].[16C][14C][15C][17C][17O][15N].[18O]
971477,[13C].[16C][14C][15C][17C][17O][15N][18O]
971481,[13C].[16C][14C][15C][17C]([17O])[18O][15N]
971483,[13C].[16C][14C][15C][17C]1[17O][15N][18O]1
971490,[13C].[16C][14C][15C][17C](=[17O])[18O][15N]
971491,[13C].[16C][14C][15C][17C][15N].[17O].[18O]
971494,[13C].[16C][14C][15C][17C][15N][18O].[17O]
971498,[13C].[16C][14C][15C][17C][15N][17O][18O]
971499,[13C].[16C][14C][15C][17C][15N]([17O])[18O]
971500,[13C].[16C][14C][15C][17C][15N]1[17O][18O]1
971501,[13C].[16C][14C][15C][17C][15N]=[17O].[18O]
971502,[13C].[16C][14C][15C][17C]([15N])[18O].[17O]
971513,[13C].[16C][14C][15C][17C]([15N])[17O][18O]
971514,[13C].[16C][14C][15C][17C]([17O])[15N][18O]
971515,[13C].[16C][14C][15C][17C]1[15N][18O][17O]1
971516,[13C].[16C][14C][15C][17C]([17O])[15N]=[18O]
971517,[13C].[16C][14C][15C][17C]1[15N][17O]1.[18O]
971518,[13C].[16C][14C][15C][17C]1[17O][15N]1[18O]
971519,[13C].[16C][14C][15C][17C]([15N])([17O])[18O]
971520,[13C].[16C][14C][15C][17C]1([15N])[17O][18O]1
971522,[13C].[16C][14C][15C][17C]1([18O])[15N][17O]1
971523,[13C].[16C][14C][15C][17C]12[17O][15N]1[18O]2
971524,[13C].[16C][14C][15C][17C]([15N])=[17O].[18O]
971525,[13C].[16C][14C][15C][17C](=[17O])[15N][18O]
971526,[13C].[16C][14C][15C][17C](=[17O])[15N]=[18O]
971527,[13C].[16C][14C][15C][17C]=[15N].[17O].[18O]
971530,[13C].[16C][14C][15C][17C]=[15N][18O].[17O]
971531,[13C].[16C][14C][15C][17C]=[15N][18O][17O]
971539,[13C].[16C][14C][15C][17C](=[15N])[17O].[18O]
971540,[13C].[16C][14C][15C][17C](=[15N])[17O][18O]
971541,[13C].[16C][14C][15C][17C]([17O])=[15N][18O]
971542,[13C].[16C][14C][15C][17C]1=[15N][18O][17O]1
971544,[13C].[16C][14C][15C][17C]#[15N].[17O].[18O]
971551,[13C].[17C][15C][14C][16C][18O][17O][15N]
971554,[13C].[17C][15C][14C][16C][18O][15N]=[17O]
971566,[13C].[15N][18O][16C][14C][15C][17C]=[17O]
971572,[13C].[14C]1[15C][17C][15N][17O][18O][16C]1
971573,[13C].[17O][15N]1[17C][15C][14C][16C][18O]1
971574,[13C].[17O]=[15N][17C][15C][14C][16C][18O]
971576,[13C].[17O][15N][17C]1[15C][14C][16C][18O]1
971579,[13C].[15N][17C]1[15C][14C][16C][18O][17O]1
971580,[13C].[17O][17C]1[15C][14C][16C][18O][15N]1
971581,[13C].[18O][16C][14C][15C][17C]1[15N][17O]1
971582,[13C].[14C]1[15C][17C]2[17O][15N]2[18O][16C]1
971585,[13C].[15N][17C](=[17O])[15C][14C][16C][18O]
971586,[13C].[17O]=[17C]1[15C][14C][16C][18O][15N]1
971587,[13C].[15N]=[17C][15C][14C][16C][18O].[17O]
971588,[13C].[15N]=[17C][15C][14C][16C][18O][17O]
971589,[13C].[14C]1[15C][17C]=[15N][18O][16C]1.[17O]
971590,[13C].[17O][15N]=[17C][15C][14C][16C][18O]
971591,[13C].[14C]1[15C][17C]=[15N][17O][18O][16C]1
971592,[13C].[15N]=[17C]1[15C][14C][16C][18O]1.[17O]
971593,[13C].[17O][15N]=[17C]1[15C][14C][16C][18O]1
971594,[13C].[15N]=[17C]([17O])[15C][14C][16C][18O]
971595,[13C].[15N]=[17C]1[15C][14C][16C][18O][17O]1
971596,[13C].[17O][17C]1=[15N][18O][16C][14C][15C]1
971599,[13C].[15N]#[17C][15C][14C][16C][18O][17O]
971622,[13C].[17C][15C][14C][16C][17O][15N].[18O]
971623,[13C].[17C][15C][14C][16C][17O][15N][18O]
971627,[13C].[15N][18O][17C][15C][14C][16C][17O]
971628,[13C].[15N][17O][16C][14C][15C][17C][18O]
971629,[13C].[14C]1[15C][17C][18O][15N][17O][16C]1
971636,[13C].[15N][18O][17C]1[15C][14C][16C][17O]1
971638,[13C].[15N][17C][15C][14C][16C][17O].[18O]
971639,[13C].[15N][17C][15C][14C][16C][17O][18O]
971640,[13C].[17O][16C][14C][15C][17C][15N][18O]
971643,[13C].[14C]1[15C][17C][15N][17O][16C]1.[18O]
971645,[13C].[15N][17C]([18O])[15C][14C][16C][17O]
971652,[13C].[15N][17C]1[15C][14C][16C][17O]1.[18O]
971654,[13C].[18O]=[15N][17C]1[15C][14C][16C][17O]1
971655,[13C].[15N][17C]1([18O])[15C][14C][16C][17O]1
971656,[13C].[14C]1[15C][17C]2([15N][18O]2)[17O][16C]1
971668,[13C].[15N]#[17C][15C][14C][16C][17O].[18O]
971737,[13C].[17C][15C][14C][16C][15N].[17O].[18O]
971740,[13C].[17C][15C][14C][16C][15N][18O].[17O]
971744,[13C].[17C][15C][14C][16C][15N][17O][18O]
971745,[13C].[17C][15C][14C][16C][15N]([17O])[18O]
971746,[13C].[17C][15C][14C][16C][15N]1[17O][18O]1
971747,[13C].[17C][15C][14C][16C][15N]=[17O].[18O]
971752,[13C].[14C]1[15C][17C][18O][17O][15N][16C]1
971753,[13C].[17O][15N]1[16C][14C][15C][17C][18O]1
971754,[13C].[17O]=[15N][16C][14C][15C][17C][18O]
971758,[13C].[15N][16C][14C][15C][17C][17O].[18O]
971759,[13C].[15N][16C][14C][15C][17C][17O][18O]
971760,[13C].[17O][17C][15C][14C][16C][15N][18O]
971763,[13C].[14C]1[15C][17C][17O][15N][16C]1.[18O]
971765,[13C].[15N][16C][14C][15C][17C]([17O])[18O]
971766,[13C].[15N][16C][14C][15C][17C]1[17O][18O]1
971768,[13C].[18O][17C]1[15C][14C][16C][15N][17O]1
971769,[13C].[14C]1[15C][17C]2[17O][15N]([16C]1)[18O]2
971770,[13C].[15N][16C][14C][15C][17C]([17O])=[18O]
971772,[13C].[15N][16C][14C][15C][17C]=[17O].[18O]
971773,[13C].[17O]=[17C][15C][14C][16C][15N][18O]
971774,[13C].[17O]=[17C][15C][14C][16C][15N]=[18O]
971775,[13C].[15N][16C][14C][15C][17C](=[17O])[18O]
971776,[13C].[17O]=[17C]1[15C][14C][16C][15N][18O]1
971777,[13C].[14C]1[15C][17C][15N][16C]1.[17O].[18O]
971782,[13C].[17O][15N]1[16C][14C][15C][17C]1.[18O]
971783,[13C].[18O][17O][15N]1[16C][14C][15C][17C]1
971784,[13C].[17O].[18O][17C]1[15C][14C][16C][15N]1
971786,[13C].[14C]1[15C][17C]2[18O][15N]2[16C]1.[17O]
971788,[13C].[14C]1[15C][17C]2[18O][17O][15N]2[16C]1
971792,[13C].[18O][17O][17C]1[15C][14C][16C][15N]1
971793,[13C].[17O][17C]1[15C][14C][16C][15N]1[18O]
971796,[13C].[17O][17C]1([18O])[15C][14C][16C][15N]1
971797,[13C].[14C]1[15C][17C]2([15N][16C]1)[17O][18O]2
971798,[13C].[17O][17C]12[15C][14C][16C][15N]1[18O]2
971800,[13C].[17O]=[17C]1[15C][14C][16C][15N]1.[18O]
971801,[13C].[17O]=[17C]1[15C][14C][16C][15N]1[18O]
971802,[13C].[14C]1[15C][17C]=[15N][16C]1.[17O].[18O]
971805,[13C].[17O].[18O][17C]1=[15N][16C][14C][15C]1
971806,[13C].[17O][18O][17C]1=[15N][16C][14C][15C]1
972052,[13C].[15N][18O][17C]1[15C][14C][16C]1.[17O]
972057,[13C].[17O]=[15N][18O][17C]1[15C][14C][16C]1
972064,[13C].[15N][18O][17O][17C]1[15C][14C][16C]1
972067,[13C].[18O][15N][17O][17C]1[15C][14C][16C]1
972072,[13C].[15N][17O][17C]1([18O])[15C][14C][16C]1
972073,[13C].[14C]1[15C][17C]2([16C]1)[17O][15N][18O]2
972077,[13C].[15N][17C]1[15C][14C][16C]1.[17O].[18O]
972080,[13C].[17O].[18O][15N][17C]1[15C][14C][16C]1
972081,[13C].[17O][18O][15N][17C]1[15C][14C][16C]1
972082,[13C].[17O].[18O]=[15N][17C]1[15C][14C][16C]1
972085,[13C].[17O][15N]([18O])[17C]1[15C][14C][16C]1
972086,[13C].[14C]1[15C][17C]([15N]2[17O][18O]2)[16C]1
972089,[13C].[15N][17C]1([18O][17O])[15C][14C][16C]1
972090,[13C].[14C]1[15C][17C]2([16C]1)[15N][18O]2.[17O]
972095,[13C].[15N][17C]1([17O])[15C][14C][16C]1.[18O]
972097,[13C].[17O][17C]1([15N][18O])[15C][14C][16C]1
972098,[13C].[14C]1[15C][17C]2([16C]1)[15N][18O][17O]2
972099,[13C].[17O][17C]1([15N]=[18O])[15C][14C][16C]1
972101,[13C].[18O][15N]1[17O][17C]12[15C][14C][16C]2
972102,[13C].[15N]=[17C]1[15C][14C][16C]1.[17O].[18O]
972105,[13C].[17O].[18O][15N]=[17C]1[15C][14C][16C]1
972108,[13C].[18O][17O][15N]=[17C]1[15C][14C][16C]1
972523,[13C].[16C][14C][15C]([17C])[18O][15N].[17O]
972534,[13C].[16C][14C][15C]([17C][17O])[18O][15N]
972535,[13C].[16C][14C][15C]([18O])[17C][17O][15N]
972536,[13C].[16C][14C][15C]1[17C][17O][15N][18O]1
972540,[13C].[16C][14C][15C]([17C]=[17O])[18O][15N]
972542,[13C].[16C][14C][15C]([18O])[17C][15N].[17O]
972549,[13C].[16C][14C][15C]1[18O][17C]1[15N].[17O]
972550,[13C].[16C][14C][15C]1[18O][17C]1[15N][17O]
972552,[13C].[16C][14C][15C]([18O])[17C]([15N])[17O]
972553,[13C].[16C][14C][15C]1[18O][17O][17C]1[15N]
972554,[13C].[16C][14C][15C]1[18O][15N][17C]1[17O]
972555,[13C].[16C][14C][15C]([18O])[17C]1[15N][17O]1
972558,[13C].[16C][14C][15C]1[18O][17C]12[15N][17O]2
972559,[13C].[16C][14C][15C]([18O])[17C]([15N])=[17O]
972560,[13C].[16C][14C][15C]1[18O][15N][17C]1=[17O]
972585,[13C].[15N][17C](=[17O])[15C]1[14C][16C][18O]1
972586,[13C].[15N]=[17C][15C]1[14C][16C][18O]1.[17O]
972605,[13C].[14C]1[16C][17O][15N]2[17C][15C]1[18O]2
972610,[13C].[15N][17C]12[17O][16C][14C][15C]1[18O]2
972614,[13C].[18O][15C]1[14C][16C][17O][15N]=[17C]1
972619,[13C].[15N]#[17C][15C]([18O])[14C][16C][17O]
972620,[13C].[15N]#[17C][15C]1[14C][16C][17O][18O]1
972649,[13C].[17C][15C]1[14C][16C][15N][17O][18O]1
972650,[13C].[17C][15C]1[14C][16C][15N]([17O])[18O]1
972651,[13C].[17C][15C]([18O])[14C][16C][15N]=[17O]
972652,[13C].[15N][16C][14C][15C]1[17C][18O]1.[17O]
972655,[13C].[15N][16C][14C][15C]([18O])[17C][17O]
972661,[13C].[14C]1[16C][15N][17O][17C]2[18O][15C]12
972662,[13C].[15N][16C][14C][15C]([18O])[17C]=[17O]
972663,[13C].[17O]=[17C][15C]1[14C][16C][15N][18O]1
972664,[13C].[15N][16C][14C][15C]1[18O][17C]1=[17O]
972666,[13C].[17O][18O][15C]1[14C][16C][15N][17C]1
972667,[13C].[14C]1[16C][15N]2[17C][15C]1[18O]2.[17O]
972668,[13C].[17O][15N]1[16C][14C][15C]([18O])[17C]1
972669,[13C].[14C]1[16C][15N]2[17C][15C]1[18O][17O]2
972676,[13C].[17O][17C]12[15N][16C][14C][15C]1[18O]2
972678,[13C].[17O]=[17C]1[15N][16C][14C][15C]1[18O]
972679,[13C].[17O]=[17C]1[15C]2[14C][16C][15N]1[18O]2
972680,[13C].[17O].[18O][15C]1[14C][16C][15N]=[17C]1
972681,[13C].[17O][18O][15C]1[14C][16C][15N]=[17C]1
972684,[13C].[14C]1[16C][15N]=[17C]2[17O][18O][15C]12
972792,[13C].[15N][18O][15C]1[14C][16C][17C]1.[17O]
972797,[13C].[17O]=[15N][18O][15C]1[14C][16C][17C]1
972805,[13C].[14C]1[16C][17C]2[17O][15N][18O][15C]12
972807,[13C].[15N][17O][17C]12[16C][14C][15C]1[18O]2
972809,[13C].[15N][18O][15C]1[14C][16C][17C]1=[17O]
972810,[13C].[15N][17C]1[16C][14C][15C]1[18O].[17O]
972814,[13C].[14C]1[16C][17C]2[15N][17O][18O][15C]12
972815,[13C].[17O][15N]1[18O][15C]2[14C][16C][17C]21
972816,[13C].[17O]=[15N][17C]1[16C][14C][15C]1[18O]
972817,[13C].[15N][17C]12[16C][14C][15C]1[18O]2.[17O]
972818,[13C].[17O][15N][17C]12[16C][14C][15C]1[18O]2
972820,[13C].[15N][17C]1([17O])[16C][14C][15C]1[18O]
972821,[13C].[15N][17C]12[16C][14C][15C]1[18O][17O]2
972822,[13C].[17O][17C]12[16C][14C][15C]1[18O][15N]2
972823,[13C].[18O][15C]1[14C][16C][17C]12[15N][17O]2
972826,[13C].[15N]=[17C]1[16C][14C][15C]1[18O][17O]
972828,[13C].[17O][15N]=[17C]1[16C][14C][15C]1[18O]
972829,[13C].[14C]1[16C][17C]2=[15N][17O][18O][15C]12
973184,[13C].[16C][14C][15C]([17C])[17O][18O][15N]
973187,[13C].[16C][14C][15C]([17C])[17O][15N][18O]
973188,[13C].[16C][14C][15C]([17C])[17O][15N]=[18O]
973200,[13C].[16C][14C][15C]1[17O][17C]1[18O][15N]
973203,[13C].[16C][14C][15C]([17C][15N])[17O][18O]
973204,[13C].[16C][14C][15C]([17O])[17C][15N][18O]
973205,[13C].[16C][14C][15C]1[17C][15N][18O][17O]1
973206,[13C].[16C][14C][15C]([17O])[17C][15N]=[18O]
973207,[13C].[16C][14C][15C]1[17C][15N][17O]1.[18O]
973208,[13C].[16C][14C][15C]1[17C][15N]([18O])[17O]1
973213,[13C].[16C][14C][15C]1[17O][15N]2[18O][17C]12
973218,[13C].[16C][14C][15C]1[17O][17C]1[15N]=[18O]
973219,[13C].[16C][14C][15C]1[17O][17C]1([15N])[18O]
973221,[13C].[16C][14C][15C]([17O])[17C]=[15N].[18O]
973222,[13C].[16C][14C][15C]([17C]=[15N])[17O][18O]
973223,[13C].[16C][14C][15C]([17O])[17C]=[15N][18O]
973224,[13C].[16C][14C][15C]1[17C]=[15N][18O][17O]1
973225,[13C].[16C][14C][15C]1[17C]=[15N][17O]1.[18O]
973226,[13C].[16C][14C][15C]([17O])[17C](=[15N])[18O]
973227,[13C].[16C][14C][15C]1[17O][18O][17C]1=[15N]
973229,[13C].[16C][14C][15C]1[17O][15N]=[17C]1[18O]
973230,[13C].[16C][14C][15C]1[17O][17C]1=[15N].[18O]
973231,[13C].[16C][14C][15C]1[17O][17C]1=[15N][18O]
973232,[13C].[16C][14C][15C]([17O])[17C]#[15N].[18O]
973233,[13C].[16C][14C][15C]([17C]#[15N])[17O][18O]
973236,[13C].[17C][15C]([17O])[14C][16C][18O][15N]
973237,[13C].[17C][15C]([14C][16C][18O])[17O][15N]
973238,[13C].[17C][15C]1[14C][16C][18O][15N][17O]1
973240,[13C].[15N][17O][15C]1[14C][16C][18O][17C]1
973242,[13C].[15N][18O][16C][14C][15C]1[17C][17O]1
973244,[13C].[15N][17C][15C]([17O])[14C][16C][18O]
973245,[13C].[15N][17C][15C]1[14C][16C][18O][17O]1
973246,[13C].[17O][15C]1[14C][16C][18O][15N][17C]1
973247,[13C].[18O][16C][14C][15C]1[17C][15N][17O]1
973248,[13C].[14C]1[16C][18O][15N]2[17C][15C]1[17O]2
973249,[13C].[15N][17C]1[18O][16C][14C][15C]1[17O]
973250,[13C].[14C]1[16C][18O][17C]2[15N][17O][15C]12
973251,[13C].[15N][17C]1[17O][15C]1[14C][16C][18O]
973252,[13C].[14C]1[16C][18O][15N][17C]2[17O][15C]12
973254,[13C].[15N]=[17C][15C]([17O])[14C][16C][18O]
973255,[13C].[15N]=[17C][15C]1[14C][16C][18O][17O]1
973257,[13C].[18O][16C][14C][15C]1[17C]=[15N][17O]1
973258,[13C].[15N]=[17C]1[18O][16C][14C][15C]1[17O]
973259,[13C].[14C]1[16C][18O][17C]2=[15N][17O][15C]12
973260,[13C].[15N]=[17C]1[17O][15C]1[14C][16C][18O]
973261,[13C].[14C]1[16C][18O][15N]=[17C]2[17O][15C]12
973278,[13C].[15N][18O][17C][15C]1[14C][16C][17O]1
973280,[13C].[15N][17C][15C]1[14C][16C][17O]1.[18O]
973281,[13C].[18O][15N][17C][15C]1[14C][16C][17O]1
973282,[13C].[18O]=[15N][17C][15C]1[14C][16C][17O]1
973283,[13C].[15N][17C]([18O])[15C]1[14C][16C][17O]1
973284,[13C].[14C]1[16C][17O][15C]1[17C]1[15N][18O]1
973287,[13C].[18O][15N]=[17C][15C]1[14C][16C][17O]1
973288,[13C].[15N]=[17C]([18O])[15C]1[14C][16C][17O]1
973290,[13C].[15N]#[17C][15C]1[14C][16C][17O]1.[18O]
973305,[13C].[17C][15C]([17O])[14C][16C][15N].[18O]
973306,[13C].[17C][15C]([14C][16C][15N])[17O][18O]
973307,[13C].[17C][15C]([17O])[14C][16C][15N][18O]
973310,[13C].[17C][15C]1[14C][16C][15N][17O]1.[18O]
973313,[13C].[15N][16C][14C][15C]1[17C][18O][17O]1
973314,[13C].[17O][15C]1[14C][16C][15N][18O][17C]1
973315,[13C].[18O][17C][15C]1[14C][16C][15N][17O]1
973316,[13C].[14C]1[16C][15N]2[17O][15C]1[17C][18O]2
973320,[13C].[18O][15N][16C][14C][15C]1[17C][17O]1
973321,[13C].[18O]=[15N][16C][14C][15C]1[17C][17O]1
973322,[13C].[15N][16C][14C][15C]1[17O][17C]1[18O]
973325,[13C].[17O][15C]1[14C][16C][15N][17C]1.[18O]
973330,[13C].[17O][15C]1[14C][16C][15N][17C]1[18O]
973331,[13C].[14C]1[16C][15N][17C]2[18O][17O][15C]12
973332,[13C].[17O][15C]1[14C][16C][15N]2[18O][17C]12
973333,[13C].[18O][17C]1[15C]2[14C][16C][15N]1[17O]2
973336,[13C].[14C]1[16C][15N][17C]2[17O][15C]12.[18O]
973337,[13C].[18O][15N]1[16C][14C][15C]2[17O][17C]21
973339,[13C].[14C]1[16C][15N]2[18O][17C]23[17O][15C]13
973342,[13C].[17O][15C]1[14C][16C][15N]=[17C]1[18O]
973344,[13C].[14C]1[16C][15N]=[17C]2[17O][15C]12.[18O]
973453,[13C].[15N][18O][17O][15C]1[14C][16C][17C]1
973456,[13C].[18O][15N][17O][15C]1[14C][16C][17C]1
973460,[13C].[15N][18O][17C]1[16C][14C][15C]1[17O]
973461,[13C].[15N][17O][15C]1[14C][16C][17C]1[18O]
973471,[13C].[15N][17C]1[16C][14C][15C]1[17O][18O]
973472,[13C].[17O][15C]1[14C][16C][17C]1[15N][18O]
973475,[13C].[14C]1[16C][17C]2[15N][17O][15C]12.[18O]
973481,[13C].[14C]1[16C][17C]23[18O][15N]2[17O][15C]13
973484,[13C].[18O]=[15N][17C]12[16C][14C][15C]1[17O]2
973485,[13C].[15N]=[17C]1[16C][14C][15C]1[17O].[18O]
974097,[13C].[16C][14C][15C]([17C])[15N].[17O].[18O]
974101,[13C].[16C][14C][15C]([17C])[15N][18O][17O]
974102,[13C].[16C][14C][15C]([17C])[15N]=[18O].[17O]
974103,[13C].[16C][14C][15C]([17C])[15N][17O].[18O]
974105,[13C].[16C][14C][15C]([17C])[15N]([17O])[18O]
974106,[13C].[16C][14C][15C]([17C])[15N]1[17O][18O]1
974113,[13C].[16C][14C][15C]1[17C][18O][15N]1[17O]
974118,[13C].[16C][14C][15C]([15N])[17C][17O].[18O]
974119,[13C].[16C][14C][15C]([15N])[17C][17O][18O]
974120,[13C].[16C][14C][15C]([17C][17O])[15N][18O]
974121,[13C].[16C][14C][15C]1[17C][17O][18O][15N]1
974122,[13C].[16C][14C][15C]([17C][17O])[15N]=[18O]
974123,[13C].[16C][14C][15C]1[17C][17O][15N]1.[18O]
974125,[13C].[16C][14C][15C]([15N])[17C]([17O])[18O]
974126,[13C].[16C][14C][15C]([15N])[17C]1[17O][18O]1
974128,[13C].[16C][14C][15C]1[15N][17O][17C]1[18O]
974129,[13C].[16C][14C][15C]1[17C]2[17O][15N]1[18O]2
974130,[13C].[16C][14C][15C]([15N])[17C]([17O])=[18O]
974132,[13C].[16C][14C][15C]([15N])[17C]=[17O].[18O]
974133,[13C].[16C][14C][15C]([17C]=[17O])[15N][18O]
974134,[13C].[16C][14C][15C]([17C]=[17O])[15N]=[18O]
974135,[13C].[16C][14C][15C]([15N])[17C](=[17O])[18O]
974136,[13C].[16C][14C][15C]1[15N][18O][17C]1=[17O]
974137,[13C].[16C][14C][15C]1[17C][15N]1.[17O].[18O]
974141,[13C].[16C][14C][15C]1[17C][15N]1[18O][17O]
974142,[13C].[16C][14C][15C]1[17C][15N]1[17O].[18O]
974148,[13C].[16C][14C][15C]1[17C]2[18O][17O][15N]12
974151,[13C].[16C][14C][15C]1[15N][17C]1[17O].[18O]
974152,[13C].[16C][14C][15C]1[15N][17C]1[17O][18O]
974153,[13C].[16C][14C][15C]1[17C]([17O])[15N]1[18O]
974155,[13C].[16C][14C][15C]1[17C]2[17O][15N]12.[18O]
974156,[13C].[16C][14C][15C]1[15N][17C]1([17O])[18O]
974157,[13C].[16C][14C][15C]1[15N][17C]12[17O][18O]2
974158,[13C].[16C][14C][15C]1[15N]2[18O][17C]12[17O]
974160,[13C].[16C][14C][15C]1[15N][17C]1=[17O].[18O]
974161,[13C].[16C][14C][15C]1[17C](=[17O])[15N]1[18O]
974169,[13C].[17C][15C]([15N])[14C][16C][18O].[17O]
974177,[13C].[17O][15N][15C]1[14C][16C][18O][17C]1
974180,[13C].[15N][15C]1[14C][16C][18O][17O][17C]1
974181,[13C].[17O][17C][15C]1[14C][16C][18O][15N]1
974182,[13C].[18O][16C][14C][15C]1[17C][17O][15N]1
974184,[13C].[15N][15C]1[14C][16C][18O][17C]1[17O]
974186,[13C].[15N][15C]([14C][16C][18O])[17C]=[17O]
974187,[13C].[17O]=[17C][15C]1[14C][16C][18O][15N]1
974188,[13C].[15N][15C]1[14C][16C][18O][17C]1=[17O]
974194,[13C].[14C]1[16C][18O][17C]2[15N][15C]12.[17O]
974198,[13C].[17O][17C]1[15C]2[14C][16C][18O][15N]21
974199,[13C].[18O][16C][14C][15C]1[17C]2[17O][15N]12
974202,[13C].[17O]=[17C]1[15N][15C]1[14C][16C][18O]
974203,[13C].[17O]=[17C]1[15C]2[14C][16C][18O][15N]21
974223,[13C].[17C][15C]([15N])[14C][16C][17O][18O]
974224,[13C].[17C][15C]([14C][16C][17O])[15N][18O]
974225,[13C].[17C][15C]1[14C][16C][17O][18O][15N]1
974226,[13C].[17C][15C]([14C][16C][17O])[15N]=[18O]
974227,[13C].[17C][15C]1[14C][16C][17O][15N]1.[18O]
974228,[13C].[17C][15C]1[14C][16C][17O][15N]1[18O]
974229,[13C].[15N][15C]([14C][16C][17O])[17C][18O]
974233,[13C].[14C]1[16C][17O][15N]2[18O][17C][15C]12
974236,[13C].[15N][15C]1[14C][16C][17O][17C]1.[18O]
974238,[13C].[18O]=[15N][15C]1[14C][16C][17O][17C]1
974240,[13C].[14C]1[16C][17O][17C]2[18O][15N][15C]12
974242,[13C].[17O][16C][14C][15C]1[17C][15N]1.[18O]
974243,[13C].[18O][17O][16C][14C][15C]1[17C][15N]1
974244,[13C].[17O][16C][14C][15C]1[17C][15N]1[18O]
974245,[13C].[14C]1[16C][17O][18O][15N]2[17C][15C]12
974246,[13C].[14C]1[16C][17O][15N]2[17C][15C]12.[18O]
974247,[13C].[17O][16C][14C][15C]1[15N][17C]1[18O]
974248,[13C].[14C]1[16C][17O][18O][17C]2[15N][15C]12
974254,[13C].[18O][15N]1[15C]2[14C][16C][17O][17C]21
974255,[13C].[18O][17C]12[15N][15C]1[14C][16C][17O]2
974256,[13C].[14C]1[16C][17O][17C]23[18O][15N]2[15C]13
974314,[13C].[17C][15C]1[14C][16C][15N]1.[17O].[18O]
974317,[13C].[17C][15C]1[14C][16C][15N]1[18O].[17O]
974318,[13C].[17C][15C]1[14C][16C][15N]1[18O][17O]
974325,[13C].[14C]1[16C][15N]2[17O][18O][17C][15C]12
974328,[13C].[17O][17C][15C]1[14C][16C][15N]1.[18O]
974329,[13C].[18O][17O][17C][15C]1[14C][16C][15N]1
974330,[13C].[17O][17C][15C]1[14C][16C][15N]1[18O]
974332,[13C].[14C]1[16C][15N]2[17O][17C][15C]12.[18O]
974333,[13C].[17O][17C]([18O])[15C]1[14C][16C][15N]1
974334,[13C].[14C]1[16C][15N][15C]1[17C]1[17O][18O]1
974336,[13C].[18O][17C]1[17O][15N]2[16C][14C][15C]12
974337,[13C].[17O][17C](=[18O])[15C]1[14C][16C][15N]1
974339,[13C].[17O]=[17C][15C]1[14C][16C][15N]1.[18O]
974340,[13C].[17O]=[17C][15C]1[14C][16C][15N]1[18O]
974341,[13C].[17O]=[17C]([18O])[15C]1[14C][16C][15N]1
974342,[13C].[17O]=[17C]1[18O][15N]2[16C][14C][15C]12
974343,[13C].[14C]1[16C][15N]2[17C][15C]12.[17O].[18O]
974347,[13C].[17O][18O][17C]1[15C]2[14C][16C][15N]21
974349,[13C].[17O][17C]1[15C]2[14C][16C][15N]21.[18O]
974351,[13C].[17O][17C]1([18O])[15C]2[14C][16C][15N]21
974352,[13C].[14C]1[16C][15N]2[15C]1[17C]21[17O][18O]1
974353,[13C].[17O]=[17C]1[15C]2[14C][16C][15N]21.[18O]
974459,[13C].[15N][15C]1[14C][16C][17C]1.[17O].[18O]
974465,[13C].[17O][15N][15C]1[14C][16C][17C]1.[18O]
974466,[13C].[18O][17O][15N][15C]1[14C][16C][17C]1
974467,[13C].[17O][15N]([18O])[15C]1[14C][16C][17C]1
974468,[13C].[14C]1[16C][17C][15C]1[15N]1[17O][18O]1
974469,[13C].[17O]=[15N][15C]1[14C][16C][17C]1.[18O]
974470,[13C].[15N][15C]1[14C][16C][17C]1[18O].[17O]
974475,[13C].[17O][15N]1[18O][17C]2[16C][14C][15C]21
974476,[13C].[17O]=[15N][15C]1[14C][16C][17C]1[18O]
974481,[13C].[15N][15C]1[14C][16C][17C]1[17O][18O]
974482,[13C].[17O][17C]1[16C][14C][15C]1[15N][18O]
974483,[13C].[14C]1[16C][17C]2[17O][18O][15N][15C]12
974485,[13C].[14C]1[16C][17C]2[17O][15N][15C]12.[18O]
974487,[13C].[15N][15C]1[14C][16C][17C]1([17O])[18O]
974488,[13C].[15N][15C]1[14C][16C][17C]12[17O][18O]2
974489,[13C].[17O][17C]12[16C][14C][15C]1[15N][18O]2
974491,[13C].[14C]1[16C][17C]23[17O][15N]([18O]2)[15C]13
974492,[13C].[15N][15C]1[14C][16C][17C]1=[17O].[18O]
974493,[13C].[17O]=[17C]1[16C][14C][15C]1[15N][18O]
974494,[13C].[17O]=[17C]1[16C][14C][15C]1[15N]=[18O]
974495,[13C].[14C]1[16C][17C]2[15N][15C]12.[17O].[18O]
974500,[13C].[17O][15N]1[15C]2[14C][16C][17C]21.[18O]
974501,[13C].[18O][17O][15N]1[15C]2[14C][16C][17C]21
974507,[13C].[17O][17C]12[16C][14C][15C]1[15N]2.[18O]
974508,[13C].[18O][17O][17C]12[16C][14C][15C]1[15N]2
974509,[13C].[17O][17C]12[16C][14C][15C]1[15N]2[18O]
974510,[13C].[14C]1[16C][17C]23[17O][18O][15N]2[15C]13
974511,[13C].[14C]1[16C][17C]23[17O][15N]2[15C]13.[18O]
975872,[13C].[16C][14C][15C]=[17C][18O][15N].[17O]
975877,[13C].[16C][14C][15C]=[17C][18O][15N]=[17O]
975884,[13C].[16C][14C][15C]=[17C][17O][18O][15N]
975887,[13C].[16C][14C][15C]=[17C][17O][15N][18O]
975892,[13C].[16C][14C][15C]=[17C]([18O])[17O][15N]
975893,[13C].[16C][14C][15C]=[17C]1[17O][15N][18O]1
975897,[13C].[16C][14C][15C]=[17C][15N].[17O].[18O]
975900,[13C].[16C][14C][15C]=[17C][15N][18O].[17O]
975901,[13C].[16C][14C][15C]=[17C][15N][18O][17O]
975905,[13C].[16C][14C][15C]=[17C][15N]([17O])[18O]
975906,[13C].[16C][14C][15C]=[17C][15N]1[17O][18O]1
975907,[13C].[16C][14C][15C]=[17C][15N]=[17O].[18O]
975909,[13C].[16C][14C][15C]=[17C]([15N])[18O][17O]
975910,[13C].[16C][14C][15C]=[17C]1[15N][18O]1.[17O]
975915,[13C].[16C][14C][15C]=[17C]([15N])[17O].[18O]
975917,[13C].[16C][14C][15C]=[17C]([17O])[15N][18O]
975918,[13C].[16C][14C][15C]=[17C]1[15N][18O][17O]1
975919,[13C].[16C][14C][15C]=[17C]([17O])[15N]=[18O]
975921,[13C].[16C][14C][15C]=[17C]1[17O][15N]1[18O]
975922,[13C].[16C][14C][15C]=[17C]=[15N].[17O].[18O]
975925,[13C].[16C][14C][15C]=[17C]=[15N][18O].[17O]
975928,[13C].[16C][14C][15C]=[17C]=[15N][17O][18O]
975933,[13C].[17C]=[15C][14C][16C][18O][17O][15N]
975934,[13C].[17C]=[15C][14C][16C][18O][15N][17O]
975936,[13C].[17C]=[15C][14C][16C][18O][15N]=[17O]
975948,[13C].[15N][18O][16C][14C][15C]=[17C]=[17O]
975950,[13C].[15N][17C]=[15C][14C][16C][18O][17O]
975951,[13C].[14C]1[15C]=[17C][15N][18O][16C]1.[17O]
975952,[13C].[17O][15N][17C]=[15C][14C][16C][18O]
975953,[13C].[14C]1[15C]=[17C][15N][17O][18O][16C]1
975954,[13C].[17O][15N]1[17C]=[15C][14C][16C][18O]1
975955,[13C].[17O]=[15N][17C]=[15C][14C][16C][18O]
975956,[13C].[15N][17C]1=[15C][14C][16C][18O]1.[17O]
975958,[13C].[17O]=[15N][17C]1=[15C][14C][16C][18O]1
975959,[13C].[15N][17C]([17O])=[15C][14C][16C][18O]
975963,[13C].[14C]1[15C]=[17C]2[17O][15N]2[18O][16C]1
975964,[13C].[15N]=[17C]=[15C][14C][16C][18O].[17O]
975987,[13C].[17C]=[15C][14C][16C][17O][15N].[18O]
975992,[13C].[15N][18O][17C]=[15C][14C][16C][17O]
975993,[13C].[15N][17O][16C][14C][15C]=[17C][18O]
975994,[13C].[14C]1[15C]=[17C][18O][15N][17O][16C]1
976001,[13C].[15N][18O][17C]1=[15C][14C][16C][17O]1
976002,[13C].[15N][17C]=[15C][14C][16C][17O].[18O]
976010,[13C].[15N][17C]1=[15C][14C][16C][17O][18O]1
976011,[13C].[17O][16C][14C][15C]=[17C]1[15N][18O]1
976012,[13C].[18O][17C]1=[15C][14C][16C][17O][15N]1
976015,[13C].[18O][15N][17C]1=[15C][14C][16C][17O]1
976018,[13C].[15N]=[17C]=[15C][14C][16C][17O][18O]
976019,[13C].[17O][16C][14C][15C]=[17C]=[15N][18O]
976074,[13C].[17C]=[15C][14C][16C][15N].[17O].[18O]
976077,[13C].[17C]=[15C][14C][16C][15N][18O].[17O]
976078,[13C].[17C]=[15C][14C][16C][15N][18O][17O]
976082,[13C].[17C]=[15C][14C][16C][15N]([17O])[18O]
976083,[13C].[17C]=[15C][14C][16C][15N]1[17O][18O]1
976084,[13C].[17C]=[15C][14C][16C][15N]=[17O].[18O]
976085,[13C].[15N][16C][14C][15C]=[17C][18O].[17O]
976086,[13C].[15N][16C][14C][15C]=[17C][18O][17O]
976097,[13C].[17O][17C]=[15C][14C][16C][15N][18O]
976098,[13C].[14C]1[15C]=[17C][17O][18O][15N][16C]1
976099,[13C].[17O][17C]=[15C][14C][16C][15N]=[18O]
976100,[13C].[14C]1[15C]=[17C][17O][15N][16C]1.[18O]
976101,[13C].[18O][15N]1[16C][14C][15C]=[17C][17O]1
976102,[13C].[15N][16C][14C][15C]=[17C]([17O])[18O]
976103,[13C].[15N][16C][14C][15C]=[17C]1[17O][18O]1
976105,[13C].[18O][17C]1=[15C][14C][16C][15N][17O]1
976106,[13C].[14C]1[15C]=[17C]2[17O][15N]([16C]1)[18O]2
976107,[13C].[15N][16C][14C][15C]=[17C]=[17O].[18O]
976108,[13C].[17O]=[17C]=[15C][14C][16C][15N][18O]
976109,[13C].[17O]=[17C]=[15C][14C][16C][15N]=[18O]
976110,[13C].[14C]1[15C]=[17C][15N][16C]1.[17O].[18O]
976113,[13C].[17O].[18O][15N]1[16C][14C][15C]=[17C]1
976116,[13C].[18O][17O][15N]1[16C][14C][15C]=[17C]1
976118,[13C].[17O][18O][17C]1=[15C][14C][16C][15N]1
976120,[13C].[17O][15N]1[16C][14C][15C]=[17C]1[18O]
976121,[13C].[14C]1[15C]=[17C]2[18O][17O][15N]2[16C]1
976122,[13C].[17O][17C]1=[15C][14C][16C][15N]1.[18O]
976126,[13C].[14C]1[15C]=[17C]2[17O][15N]2[16C]1.[18O]
976336,[13C].[15N][17O][18O][17C]1=[15C][14C][16C]1
976337,[13C].[17O][15N][18O][17C]1=[15C][14C][16C]1
976339,[13C].[17O]=[15N][18O][17C]1=[15C][14C][16C]1
976345,[13C].[15N][17O][17C]1=[15C][14C][16C]1.[18O]
976348,[13C].[15N][17C]1=[15C][14C][16C]1.[17O].[18O]
976351,[13C].[17O].[18O][15N][17C]1=[15C][14C][16C]1
976352,[13C].[17O][18O][15N][17C]1=[15C][14C][16C]1
976353,[13C].[17O].[18O]=[15N][17C]1=[15C][14C][16C]1
976356,[13C].[17O][15N]([18O])[17C]1=[15C][14C][16C]1
976357,[13C].[14C]1[15C]=[17C]([15N]2[17O][18O]2)[16C]1
978975,[13C].[15N][17O][18O][15C]1[14C][16C]1.[17C]
978976,[13C].[17C].[17O][15N][18O][15C]1[14C][16C]1
978990,[13C].[15N][18O][15C]1[14C][16C]1.[17C]=[17O]
978994,[13C].[17C][15N][18O][15C]1[14C][16C]1.[17O]
978996,[13C].[17C][15N][17O][18O][15C]1[14C][16C]1
978997,[13C].[17C][15N]([17O])[18O][15C]1[14C][16C]1
978999,[13C].[15N][17C][18O][15C]1[14C][16C]1.[17O]
979000,[13C].[17O][15N][17C][18O][15C]1[14C][16C]1
979003,[13C].[15N][17C][17O][18O][15C]1[14C][16C]1
979004,[13C].[17O][17C][15N][18O][15C]1[14C][16C]1
979008,[13C].[14C]1[16C][15C]1[18O][17C]1[15N][17O]1
979010,[13C].[17O]=[17C][15N][18O][15C]1[14C][16C]1
979011,[13C].[15N][17C](=[17O])[18O][15C]1[14C][16C]1
979014,[13C].[17C]=[15N][18O][15C]1[14C][16C]1.[17O]
979016,[13C].[17C]=[15N][17O][18O][15C]1[14C][16C]1
979017,[13C].[15N]=[17C][18O][15C]1[14C][16C]1.[17O]
979023,[13C].[15N]=[17C]([17O])[18O][15C]1[14C][16C]1
979026,[13C].[17O]=[17C]=[15N][18O][15C]1[14C][16C]1
979515,[13C].[17C].[18O]=[15N][17O][15C]1[14C][16C]1
979520,[13C].[17C][18O][15N][17O][15C]1[14C][16C]1
979527,[13C].[15N][18O][17C][17O][15C]1[14C][16C]1
979540,[13C].[14C]1[16C][15C]1[17O][15N]1[17C][18O]1
979545,[13C].[18O]=[15N][17C][17O][15C]1[14C][16C]1
979546,[13C].[15N][17C]([18O])[17O][15C]1[14C][16C]1
979555,[13C].[15N]=[17C][18O][17O][15C]1[14C][16C]1
979557,[13C].[18O][17C]=[15N][17O][15C]1[14C][16C]1
979561,[13C].[18O][15N]=[17C][17O][15C]1[14C][16C]1
979567,[13C].[15N]#[17C][18O][17O][15C]1[14C][16C]1
979568,[13C].[15N]#[17C][17O][15C]1[14C][16C]1.[18O]
980261,[13C].[17C].[18O][17O][15N][15C]1[14C][16C]1
980262,[13C].[17C].[17O][15N]([18O])[15C]1[14C][16C]1
980263,[13C].[14C]1[16C][15C]1[15N]1[17O][18O]1.[17C]
980267,[13C].[17C][18O][15N][15C]1[14C][16C]1.[17O]
980278,[13C].[17C][17O][18O][15N][15C]1[14C][16C]1
980281,[13C].[17C][17O][15N]([18O])[15C]1[14C][16C]1
980285,[13C].[18O][17C][17O][15N][15C]1[14C][16C]1
980286,[13C].[14C]1[16C][15C]1[15N]1[17O][17C][18O]1
980290,[13C].[17C]=[17O].[18O][15N][15C]1[14C][16C]1
980291,[13C].[17C]=[17O].[18O]=[15N][15C]1[14C][16C]1
980292,[13C].[15N][15C]1[14C][16C]1.[17O]=[17C][18O]
980293,[13C].[17O]=[17C][18O][15N][15C]1[14C][16C]1
980295,[13C].[17C][15N][15C]1[14C][16C]1.[17O].[18O]
980298,[13C].[17C][15N]([18O])[15C]1[14C][16C]1.[17O]
980301,[13C].[17C][15N]([17O][18O])[15C]1[14C][16C]1
980309,[13C].[17O][17C][15N][15C]1[14C][16C]1.[18O]
980310,[13C].[18O][17O][17C][15N][15C]1[14C][16C]1
980311,[13C].[17O][17C][15N]([18O])[15C]1[14C][16C]1
980312,[13C].[14C]1[16C][15C]1[15N]1[17C][17O][18O]1
980313,[13C].[14C]1[16C][15C]1[15N]1[17C][17O]1.[18O]
980314,[13C].[17O][17C]([18O])[15N][15C]1[14C][16C]1
980315,[13C].[14C]1[16C][15C]1[15N][17C]1[17O][18O]1
980317,[13C].[18O][17C]1[17O][15N]1[15C]1[14C][16C]1
980318,[13C].[17O][17C](=[18O])[15N][15C]1[14C][16C]1
980320,[13C].[17O]=[17C][15N][15C]1[14C][16C]1.[18O]
980321,[13C].[17O]=[17C][15N]([18O])[15C]1[14C][16C]1
980322,[13C].[17O]=[17C]([18O])[15N][15C]1[14C][16C]1
980323,[13C].[17O]=[17C]1[18O][15N]1[15C]1[14C][16C]1
980324,[13C].[17C]=[15N][15C]1[14C][16C]1.[17O].[18O]
980328,[13C].[17O][18O][17C]=[15N][15C]1[14C][16C]1
980330,[13C].[17O][17C]=[15N][15C]1[14C][16C]1.[18O]
980332,[13C].[17O][17C]([18O])=[15N][15C]1[14C][16C]1
980333,[13C].[14C]1[16C][15C]1[15N]=[17C]1[17O][18O]1
980334,[13C].[17O]=[17C]=[15N][15C]1[14C][16C]1.[18O]
981690,[13C].[17O][15N][18O][17C][15C]1[14C][16C]1
981699,[13C].[15N][18O][17O][17C][15C]1[14C][16C]1
981701,[13C].[15N][17O][17C][15C]1[14C][16C]1.[18O]
981703,[13C].[18O]=[15N][17O][17C][15C]1[14C][16C]1
981707,[13C].[15N][17O][17C]([18O])[15C]1[14C][16C]1
981708,[13C].[14C]1[16C][15C]1[17C]1[17O][15N][18O]1
981715,[13C].[15N][18O][17C](=[17O])[15C]1[14C][16C]1
981716,[13C].[15N][17C][15C]1[14C][16C]1.[17O].[18O]
981722,[13C].[17O][15N][17C][15C]1[14C][16C]1.[18O]
981723,[13C].[18O][17O][15N][17C][15C]1[14C][16C]1
981724,[13C].[17O][15N]([18O])[17C][15C]1[14C][16C]1
981725,[13C].[14C]1[16C][15C]1[17C][15N]1[17O][18O]1
981726,[13C].[17O]=[15N][17C][15C]1[14C][16C]1.[18O]
981728,[13C].[15N][17C]([18O][17O])[15C]1[14C][16C]1
981729,[13C].[14C]1[16C][15C]1[17C]1[15N][18O]1.[17O]
981730,[13C].[17O][15N][17C]([18O])[15C]1[14C][16C]1
981731,[13C].[14C]1[16C][15C]1[17C]1[15N][17O][18O]1
981732,[13C].[17O][15N]1[18O][17C]1[15C]1[14C][16C]1
981733,[13C].[17O]=[15N][17C]([18O])[15C]1[14C][16C]1
981737,[13C].[15N][17C]([17O])[15C]1[14C][16C]1.[18O]
981744,[13C].[15N][17C]([17O])([18O])[15C]1[14C][16C]1
981745,[13C].[15N][17C]1([15C]2[14C][16C]2)[17O][18O]1
981747,[13C].[18O][17C]1([15C]2[14C][16C]2)[15N][17O]1
981748,[13C].[14C]1[16C][15C]1[17C]12[17O][15N]1[18O]2
981749,[13C].[15N][17C](=[17O])[15C]1[14C][16C]1.[18O]
981750,[13C].[17O]=[17C]([15N][18O])[15C]1[14C][16C]1
981751,[13C].[17O]=[17C]([15N]=[18O])[15C]1[14C][16C]1
981752,[13C].[15N]=[17C][15C]1[14C][16C]1.[17O].[18O]
981756,[13C].[17O][18O][15N]=[17C][15C]1[14C][16C]1
981757,[13C].[17O][15N]=[17C][15C]1[14C][16C]1.[18O]
981759,[13C].[15N]=[17C]([18O])[15C]1[14C][16C]1.[17O]
981765,[13C].[15N]=[17C]([17O][18O])[15C]1[14C][16C]1
981766,[13C].[17O][17C](=[15N][18O])[15C]1[14C][16C]1
981767,[13C].[14C]1[16C][15C]1[17C]1=[15N][18O][17O]1
981769,[13C].[15N]#[17C][15C]1[14C][16C]1.[17O].[18O]
